created_at,id,id_str,text,full_text,truncated,entities,source,in_reply_to_status_id,in_reply_to_status_id_str,in_reply_to_user_id,in_reply_to_user_id_str,in_reply_to_screen_name,geo,coordinates,place,contributors,is_quote_status,retweet_count,favorite_count,favorited,favorited_by,retweeted,scopes,lang,possibly_sensitive,display_text_width,display_text_range,retweeted_status,quoted_status,quoted_status_id,quoted_status_id_str,quoted_status_permalink,quote_count,timestamp_ms,reply_count,filter_level,metadata,query,withheld_scope,withheld_copyright,withheld_in_countries,possibly_sensitive_appealable
2023-01-18T03:48:42Z,1615556763536728e3,1615556763536728065,"Hoy @AldeaFundacion present√≥ el Mapa de Femicidios. 332 mujeres asesinadas por violencia machista solo en 2022.

Cuidar la vida de las mujeres requiere de mayor presupuesto para centros de atenci√≥n integral y casas de acogida.

Vamos por un Quito que proteja a las mujeres y ni√±as https://t.co/Yw7MrbuiRf","Hoy @AldeaFundacion present√≥ el Mapa de Femicidios. 332 mujeres asesinadas por violencia machista solo en 2022.

Cuidar la vida de las mujeres requiere de mayor presupuesto para centros de atenci√≥n integral y casas de acogida.

Vamos por un Quito que proteja a las mujeres y ni√±as https://t.co/Yw7MrbuiRf",FALSE,,"<a href=""http://twitter.com/download/iphone"" rel=""nofollow"">Twitter for iPhone</a>",NA,NA,NA,NA,NA,,,,NA,FALSE,169,245,FALSE,NA,FALSE,NA,es,FALSE,NA,280,NA,,NA,NA,,NA,NA,NA,NA,NA,NA,NA,NA,NA,NA
2023-01-18T01:31:29Z,1.6155222315216159e+18,1615522231521615873,"Sabemos c√≥mo devolver el bienestar y la prosperidad a las familias quite√±as, en paz y con oportunidades. Nuestro compromiso: recuperar la dignidad y el orgullo de ser quite√±os, de vivir en la mejor ciudad del mundo. 

#VolvamosASerPatria https://t.co/Xdd6T61SyT","Sabemos c√≥mo devolver el bienestar y la prosperidad a las familias quite√±as, en paz y con oportunidades. Nuestro compromiso: recuperar la dignidad y el orgullo de ser quite√±os, de vivir en la mejor ciudad del mundo. 

#VolvamosASerPatria https://t.co/Xdd6T61SyT",FALSE,,"<a href=""http://twitter.com/download/iphone"" rel=""nofollow"">Twitter for iPhone</a>",NA,NA,NA,NA,NA,,,,NA,TRUE,101,235,FALSE,NA,FALSE,NA,es,FALSE,NA,237,NA,,1615469742197809200,1615469742197809171,,NA,NA,NA,NA,NA,NA,NA,NA,NA,NA
2023-01-16T04:41:00Z,1614845147295924200,1614845147295924225,@monicaluciavaca Abrazote y muchas gracias querida M√≥nica.,@monicaluciavaca Abrazote y muchas gracias querida M√≥nica.,FALSE,,"<a href=""http://twitter.com/download/iphone"" rel=""nofollow"">Twitter for iPhone</a>",1.6147430449677599e+18,1614743044967759872,304988785,304988785,monicaluciavaca,,,,NA,FALSE,1,6,FALSE,NA,FALSE,NA,es,NA,NA,58,NA,,NA,NA,,NA,NA,NA,NA,NA,NA,NA,NA,NA,NA
2023-01-16T02:46:26Z,1614816319106334700,1614816319106334722,"Gracias Sonia Minguano por haberme recibido en tu casa, ‚ò∫Ô∏è por ayudarnos a construir nuestro plan de trabajo que es de todos. üôåüèº Tu apoyo me fortaleci√≥ en este debate que no lo gan√© yo, üôãüèª‚Äç‚ôÄÔ∏èüôãüèª‚Äç‚ôÇÔ∏è lo ganamos los ciudadanos. #ConPabelQuitoRenace https://t.co/9a4Hon2aOU","Gracias Sonia Minguano por haberme recibido en tu casa, ‚ò∫Ô∏è por ayudarnos a construir nuestro plan de trabajo que es de todos. üôåüèº Tu apoyo me fortaleci√≥ en este debate que no lo gan√© yo, üôãüèª‚Äç‚ôÄÔ∏èüôãüèª‚Äç‚ôÇÔ∏è lo ganamos los ciudadanos. #ConPabelQuitoRenace https://t.co/9a4Hon2aOU",FALSE,,"<a href=""http://twitter.com/download/iphone"" rel=""nofollow"">Twitter for iPhone</a>",NA,NA,NA,NA,NA,,,,NA,FALSE,29,68,FALSE,NA,FALSE,NA,es,FALSE,NA,244,NA,,NA,NA,,NA,NA,NA,NA,NA,NA,NA,NA,NA,NA
2023-01-16T02:36:03Z,1614813705962926e3,1614813705962926080,"Mi prioridad es la gente, las y los quite√±os; üë®‚Äçüë©‚Äçüë¶‚Äçüë¶ü´∂üèº mi prioridad es que enfrentemos üí™üèº lo que hoy nos quita el sue√±o: la inseguridad, el desempleo, la pobreza. üö® #ConPabelQuitoRenace üå± https://t.co/yDMGxHZVY6","Mi prioridad es la gente, las y los quite√±os; üë®‚Äçüë©‚Äçüë¶‚Äçüë¶ü´∂üèº mi prioridad es que enfrentemos üí™üèº lo que hoy nos quita el sue√±o: la inseguridad, el desempleo, la pobreza. üö® #ConPabelQuitoRenace üå± https://t.co/yDMGxHZVY6",FALSE,,"<a href=""http://twitter.com/download/iphone"" rel=""nofollow"">Twitter for iPhone</a>",NA,NA,NA,NA,NA,,,,NA,FALSE,56,118,FALSE,NA,FALSE,NA,es,FALSE,NA,188,NA,,NA,NA,,NA,NA,NA,NA,NA,NA,NA,NA,NA,NA
2023-01-16T02:34:31Z,1614813319549931500,1614813319549931524,"El mejor Alcalde de Quito est√° por llegar y se llama #PabelMu√±oz.

Ser√© el mejor Alcalde porque amo esta ciudad, donde nacieron mis dos m√°s grandes tesoros: mis hijos. Quiero que todos cumplan sus sue√±os en Quito, la ciudad m√°s linda del mundo.

#ConPabelQuitoRenace #Debate2023 https://t.co/AJDU2oDjmH","El mejor Alcalde de Quito est√° por llegar y se llama #PabelMu√±oz.

Ser√© el mejor Alcalde porque amo esta ciudad, donde nacieron mis dos m√°s grandes tesoros: mis hijos. Quiero que todos cumplan sus sue√±os en Quito, la ciudad m√°s linda del mundo.

#ConPabelQuitoRenace #Debate2023 https://t.co/AJDU2oDjmH",FALSE,,"<a href=""http://twitter.com/download/iphone"" rel=""nofollow"">Twitter for iPhone</a>",NA,NA,NA,NA,NA,,,,NA,FALSE,258,792,FALSE,NA,FALSE,NA,es,FALSE,NA,278,NA,,NA,NA,,NA,NA,NA,NA,NA,NA,NA,NA,NA,NA
2023-01-16T02:30:49Z,1614812387294728200,1614812387294728192,"Quito ya no merece improvisaci√≥n. Todos los candidatos de la lista 5, la Revoluci√≥n Ciudadana, tienen capacidad probada.

Vamos a modernizar el Municipio, fortalecer los mecanismos de participaci√≥n ciudadana y las administraciones zonales.

#ConPabelQuitoRenace #Debate2023 https://t.co/7GXs1SpesK","Quito ya no merece improvisaci√≥n. Todos los candidatos de la lista 5, la Revoluci√≥n Ciudadana, tienen capacidad probada.

Vamos a modernizar el Municipio, fortalecer los mecanismos de participaci√≥n ciudadana y las administraciones zonales.

#ConPabelQuitoRenace #Debate2023 https://t.co/7GXs1SpesK",FALSE,,"<a href=""http://twitter.com/download/iphone"" rel=""nofollow"">Twitter for iPhone</a>",NA,NA,NA,NA,NA,,,,NA,FALSE,51,108,FALSE,NA,FALSE,NA,es,FALSE,NA,273,NA,,NA,NA,,NA,NA,NA,NA,NA,NA,NA,NA,NA,NA
2023-01-16T02:27:17Z,1614811496499875800,1614811496499875843,"Es urgente un Municipio facilitador, no entorpecedor. Hoy es un obst√°culo para inversionistas, emprendedores ciudadanos comunes. Las administraciones zonales tendr√°n m√°s capacidad de decisi√≥n y presupuesto para descentralizar la gesti√≥n.

#ConPabelQuitoRenace #QuitoDebate2023 https://t.co/Uy4yYcGbLt","Es urgente un Municipio facilitador, no entorpecedor. Hoy es un obst√°culo para inversionistas, emprendedores ciudadanos comunes. Las administraciones zonales tendr√°n m√°s capacidad de decisi√≥n y presupuesto para descentralizar la gesti√≥n.

#ConPabelQuitoRenace #QuitoDebate2023 https://t.co/Uy4yYcGbLt",FALSE,,"<a href=""http://twitter.com/download/iphone"" rel=""nofollow"">Twitter for iPhone</a>",NA,NA,NA,NA,NA,,,,NA,FALSE,38,63,FALSE,NA,FALSE,NA,es,FALSE,NA,276,NA,,NA,NA,,NA,NA,NA,NA,NA,NA,NA,NA,NA,NA
2023-01-16T02:23:58Z,1614810661401272300,1614810661401272320,"Quito volver√° a ser esa ciudad que cubr√≠a a toda su poblaci√≥n con agua potable y alcantarillado. Vamos a una regularizaci√≥n masiva de barrios y posteriormente una moratoria por treinta a√±os. No le haremos el juego a los traficantes de tierra.

#ConPabelQuitoRenace #Debate2023 https://t.co/q4JXAaMPOt","Quito volver√° a ser esa ciudad que cubr√≠a a toda su poblaci√≥n con agua potable y alcantarillado. Vamos a una regularizaci√≥n masiva de barrios y posteriormente una moratoria por treinta a√±os. No le haremos el juego a los traficantes de tierra.

#ConPabelQuitoRenace #Debate2023 https://t.co/q4JXAaMPOt",FALSE,,"<a href=""http://twitter.com/download/iphone"" rel=""nofollow"">Twitter for iPhone</a>",NA,NA,NA,NA,NA,,,,NA,FALSE,52,100,FALSE,NA,FALSE,NA,es,FALSE,NA,276,NA,,NA,NA,,NA,NA,NA,NA,NA,NA,NA,NA,NA,NA
2023-01-16T02:19:55Z,1614809643422728200,1614809643422728193,"A todos y a todas, les comprometo para que Quito sea la ciudad que m√°s cuide el planeta, la naturaleza, el aire y el agua. Vamos a realizar un complejo sanitario y construir plantas de reciclaje y de compostaje.

#ConPabelQuitoRenace #Debate2023 https://t.co/ZIc5lUnrF3","A todos y a todas, les comprometo para que Quito sea la ciudad que m√°s cuide el planeta, la naturaleza, el aire y el agua. Vamos a realizar un complejo sanitario y construir plantas de reciclaje y de compostaje.

#ConPabelQuitoRenace #Debate2023 https://t.co/ZIc5lUnrF3",FALSE,,"<a href=""http://twitter.com/download/iphone"" rel=""nofollow"">Twitter for iPhone</a>",NA,NA,NA,NA,NA,,,,NA,FALSE,83,189,FALSE,NA,FALSE,NA,es,FALSE,NA,245,NA,,NA,NA,,NA,NA,NA,NA,NA,NA,NA,NA,NA,NA
2023-01-16T02:19:38Z,1614809572962893800,1614809572962893825,"Necesitamos recuperar la 10 de agosto y rescatar la Mariscal para una ciudad 24/7. Tenemos todo para ser una potencia tur√≠stica.

Pondremos √©nfasis en la econom√≠a violeta. Es inaudito que un hombre gane 20% m√°s que una mujer por el mismo trabajo.

#ConPabelQuitoRenace #Debate2023 https://t.co/qnSMdtnI4Q","Necesitamos recuperar la 10 de agosto y rescatar la Mariscal para una ciudad 24/7. Tenemos todo para ser una potencia tur√≠stica.

Pondremos √©nfasis en la econom√≠a violeta. Es inaudito que un hombre gane 20% m√°s que una mujer por el mismo trabajo.

#ConPabelQuitoRenace #Debate2023 https://t.co/qnSMdtnI4Q",FALSE,,"<a href=""http://twitter.com/download/iphone"" rel=""nofollow"">Twitter for iPhone</a>",NA,NA,NA,NA,NA,,,,NA,FALSE,32,53,FALSE,NA,FALSE,NA,es,FALSE,NA,280,NA,,NA,NA,,NA,NA,NA,NA,NA,NA,NA,NA,NA,NA
2023-01-16T02:09:10Z,1614806938050789400,1614806938050789376,"#Quito se mueve a 3 km/hora, cuando el mundo se mueve a 16km/hora, nosotros transformaremos esa realidad. #Quito ser√° capital de inversiones, inauguraremos el Instituto Sebasti√°n de Benalc√°zar. #Quito ser√° una ciudad absolutamente productiva.

#ConPabelQuitoRenace
#Debate2023 https://t.co/ZeGJDbim7P","#Quito se mueve a 3 km/hora, cuando el mundo se mueve a 16km/hora, nosotros transformaremos esa realidad. #Quito ser√° capital de inversiones, inauguraremos el Instituto Sebasti√°n de Benalc√°zar. #Quito ser√° una ciudad absolutamente productiva.

#ConPabelQuitoRenace
#Debate2023 https://t.co/ZeGJDbim7P",FALSE,,"<a href=""http://twitter.com/download/iphone"" rel=""nofollow"">Twitter for iPhone</a>",NA,NA,NA,NA,NA,,,,NA,FALSE,106,185,FALSE,NA,FALSE,NA,es,FALSE,NA,276,NA,,NA,NA,,NA,NA,NA,NA,NA,NA,NA,NA,NA,NA
2023-01-16T02:07:17Z,1614806466417856500,1614806466417856512,"La #Revoluci√≥nCiudadana inici√≥ y pondr√° a funcionar el Metro de #Quito. Adem√°s, ampliar√© la cobertura a Calder√≥n y Guaman√≠.

Inauguraremos un sistema moderno, de calidad y seguro, con botones de p√°nico para que las mujeres no sufran acoso.

#ConPabelQuitoRenace #Debate2023 https://t.co/gKqCTtRXyr","La #Revoluci√≥nCiudadana inici√≥ y pondr√° a funcionar el Metro de #Quito. Adem√°s, ampliar√© la cobertura a Calder√≥n y Guaman√≠.

Inauguraremos un sistema moderno, de calidad y seguro, con botones de p√°nico para que las mujeres no sufran acoso.

#ConPabelQuitoRenace #Debate2023 https://t.co/gKqCTtRXyr",FALSE,,"<a href=""http://twitter.com/download/iphone"" rel=""nofollow"">Twitter for iPhone</a>",NA,NA,NA,NA,NA,,,,NA,FALSE,171,320,FALSE,NA,FALSE,NA,es,FALSE,NA,273,NA,,NA,NA,,NA,NA,NA,NA,NA,NA,NA,NA,NA,NA
2023-01-16T02:01:09Z,1614804921827590100,1614804921827590145,"La inseguridad nos quita el sue√±o. Este gobierno no ha hecho absolutamente nada por proteger la vida de los ciudadanos. Nosotros enfrentaremos este problema con decisi√≥n pol√≠tica, con presupuesto suficiente y liderazgo.

#Debate2023
#QuitoRenace https://t.co/dh02Dl23Gm","La inseguridad nos quita el sue√±o. Este gobierno no ha hecho absolutamente nada por proteger la vida de los ciudadanos. Nosotros enfrentaremos este problema con decisi√≥n pol√≠tica, con presupuesto suficiente y liderazgo.

#Debate2023
#QuitoRenace https://t.co/dh02Dl23Gm",FALSE,,"<a href=""http://twitter.com/download/iphone"" rel=""nofollow"">Twitter for iPhone</a>",NA,NA,NA,NA,NA,,,,NA,FALSE,211,404,FALSE,NA,FALSE,NA,es,FALSE,NA,245,NA,,NA,NA,,NA,NA,NA,NA,NA,NA,NA,NA,NA,NA
2023-01-16T01:54:29Z,1614803242206085e3,1614803242206085123,"Enfrentaremos la inseguridad de manera integral. Sabemos del drama de las madres cuando sus hijos son los que m√°s temprano consumen drogas. Atacaremos el microtr√°fico, desde el Patronato atenderemos las adicciones y la salud mental de las y los quite√±os.

#Debate2023
#QuitoRenace https://t.co/bI01C5kX6H","Enfrentaremos la inseguridad de manera integral. Sabemos del drama de las madres cuando sus hijos son los que m√°s temprano consumen drogas. Atacaremos el microtr√°fico, desde el Patronato atenderemos las adicciones y la salud mental de las y los quite√±os.

#Debate2023
#QuitoRenace https://t.co/bI01C5kX6H",FALSE,,"<a href=""http://twitter.com/download/iphone"" rel=""nofollow"">Twitter for iPhone</a>",NA,NA,NA,NA,NA,,,,NA,FALSE,59,111,FALSE,NA,FALSE,NA,es,FALSE,NA,280,NA,,NA,NA,,NA,NA,NA,NA,NA,NA,NA,NA,NA,NA
2023-01-16T01:45:56Z,1614801091333349400,1614801091333349376,"Mi prioridad son las y los quite√±os; con ellos hemos construido las soluciones que necesitamos para devolver la esperanza, las oportunidades y la prosperidad a nuestra ciudad. 

#ConPabelQuitoRenace #QuitoDebate2023 https://t.co/7QRsl4nGsn","Mi prioridad son las y los quite√±os; con ellos hemos construido las soluciones que necesitamos para devolver la esperanza, las oportunidades y la prosperidad a nuestra ciudad. 

#ConPabelQuitoRenace #QuitoDebate2023 https://t.co/7QRsl4nGsn",FALSE,,"<a href=""http://twitter.com/download/iphone"" rel=""nofollow"">Twitter for iPhone</a>",NA,NA,NA,NA,NA,,,,NA,FALSE,117,184,FALSE,NA,FALSE,NA,es,FALSE,NA,215,NA,,NA,NA,,NA,NA,NA,NA,NA,NA,NA,NA,NA,NA
2023-01-16T01:34:35Z,1614798235670925300,1614798235670925312,"Recuperemos programas que nacieron con nosotros, como el 60 y Piquito, para que nuestros adultos mayores tengan bienestar.

Los j√≥venes quieren una ciudad que brinde oportunidades, recreaci√≥n y esparcimiento. Nosotros lo haremos posible. 

#ConPabelQuitoRenace
#QuitoDebate2023 https://t.co/0FPTt2yQ0q","Recuperemos programas que nacieron con nosotros, como el 60 y Piquito, para que nuestros adultos mayores tengan bienestar.

Los j√≥venes quieren una ciudad que brinde oportunidades, recreaci√≥n y esparcimiento. Nosotros lo haremos posible. 

#ConPabelQuitoRenace
#QuitoDebate2023 https://t.co/0FPTt2yQ0q",FALSE,,"<a href=""http://twitter.com/download/iphone"" rel=""nofollow"">Twitter for iPhone</a>",NA,NA,NA,NA,NA,,,,NA,FALSE,126,215,FALSE,NA,FALSE,NA,es,FALSE,NA,277,NA,,NA,NA,,NA,NA,NA,NA,NA,NA,NA,NA,NA,NA
2023-01-16T01:30:16Z,1614797147622281200,1614797147622281217,"Combatiremos el consumo temprano de drogas con prevenci√≥n, asistencia m√©dica y psicol√≥gica.

Trabajaremos con presupuesto necesario para erradicar la violencia contra la mujer, coordinando con el Consejo de Protecci√≥n de Derechos.

#ConPabelQuitoRenace
#QuitoDebate2023 https://t.co/oGLxX3HKP2","Combatiremos el consumo temprano de drogas con prevenci√≥n, asistencia m√©dica y psicol√≥gica.

Trabajaremos con presupuesto necesario para erradicar la violencia contra la mujer, coordinando con el Consejo de Protecci√≥n de Derechos.

#ConPabelQuitoRenace
#QuitoDebate2023 https://t.co/oGLxX3HKP2",FALSE,,"<a href=""http://twitter.com/download/iphone"" rel=""nofollow"">Twitter for iPhone</a>",NA,NA,NA,NA,NA,,,,NA,FALSE,47,84,FALSE,NA,FALSE,NA,es,FALSE,NA,269,NA,,NA,NA,,NA,NA,NA,NA,NA,NA,NA,NA,NA,NA
2023-01-16T01:27:50Z,1614796537422565400,1614796537422565376,"No un municipio que entorpece al ciudadano, a quienes quieren invertir, a quienes quieren emprender. Me cuenta la gente que se cambia la normativa a conveniencia y eso es inconcebible. Debemos terminar los tr√°mites impertinentes. #ConPabelQuitoRenace #QuitoDebate2023 https://t.co/LcKqsDZJfu","No un municipio que entorpece al ciudadano, a quienes quieren invertir, a quienes quieren emprender. Me cuenta la gente que se cambia la normativa a conveniencia y eso es inconcebible. Debemos terminar los tr√°mites impertinentes. #ConPabelQuitoRenace #QuitoDebate2023 https://t.co/LcKqsDZJfu",FALSE,,"<a href=""http://twitter.com/download/iphone"" rel=""nofollow"">Twitter for iPhone</a>",NA,NA,NA,NA,NA,,,,NA,FALSE,61,114,FALSE,NA,FALSE,NA,es,FALSE,NA,267,NA,,NA,NA,,NA,NA,NA,NA,NA,NA,NA,NA,NA,NA
2023-01-16T01:25:50Z,1614796034625994800,1614796034625994752,"Las y los quite√±os que m√°s protecci√≥n requieran, tendr√°n la atenci√≥n que demandan de las autoridades municipales. Quito ser√° una ciudad que cuide y proteja empezando por los m√°s peque√±os, con desarrollo infantil integral.

#ConPabelQuitoRenace
#QuitoDebate2023 https://t.co/2wADHyROOu","Las y los quite√±os que m√°s protecci√≥n requieran, tendr√°n la atenci√≥n que demandan de las autoridades municipales. Quito ser√° una ciudad que cuide y proteja empezando por los m√°s peque√±os, con desarrollo infantil integral.

#ConPabelQuitoRenace
#QuitoDebate2023 https://t.co/2wADHyROOu",FALSE,,"<a href=""http://twitter.com/download/iphone"" rel=""nofollow"">Twitter for iPhone</a>",NA,NA,NA,NA,NA,,,,NA,FALSE,45,87,FALSE,NA,FALSE,NA,es,FALSE,NA,260,NA,,NA,NA,,NA,NA,NA,NA,NA,NA,NA,NA,NA,NA
2023-01-16T01:22:45Z,1614795257698205700,1614795257698205701,"Una estrategia para combatir la inseguridad es que las y los quite√±os se apropien nuevamente del espacio p√∫blico; con agenda cultural, con actividades recreativas. #ConPabelQuitoRenace #QuitoDebate2023 https://t.co/g2uBeOx9uS","Una estrategia para combatir la inseguridad es que las y los quite√±os se apropien nuevamente del espacio p√∫blico; con agenda cultural, con actividades recreativas. #ConPabelQuitoRenace #QuitoDebate2023 https://t.co/g2uBeOx9uS",FALSE,,"<a href=""http://twitter.com/download/iphone"" rel=""nofollow"">Twitter for iPhone</a>",NA,NA,NA,NA,NA,,,,NA,FALSE,52,116,FALSE,NA,FALSE,NA,es,FALSE,NA,201,NA,,NA,NA,,NA,NA,NA,NA,NA,NA,NA,NA,NA,NA
2023-01-16T01:21:26Z,1614794927921135600,1614794927921135617,Vamos a aumentar el capital semilla para proyectos que apoyen a emprendedoras mujeres para aumentar su autonom√≠a econ√≥mica. #ConPabelQuitoRenace #QuitoDebate2023 https://t.co/qgMPP7yTZZ,Vamos a aumentar el capital semilla para proyectos que apoyen a emprendedoras mujeres para aumentar su autonom√≠a econ√≥mica. #ConPabelQuitoRenace #QuitoDebate2023 https://t.co/qgMPP7yTZZ,FALSE,,"<a href=""http://twitter.com/download/iphone"" rel=""nofollow"">Twitter for iPhone</a>",NA,NA,NA,NA,NA,,,,NA,FALSE,59,117,FALSE,NA,FALSE,NA,es,FALSE,NA,161,NA,,NA,NA,,NA,NA,NA,NA,NA,NA,NA,NA,NA,NA
2023-01-16T01:19:14Z,1614794372293312500,1614794372293312513,"El deporte ser√° fundamental para ocupar el tiempo libre de nuestros j√≥venes. Adem√°s, pondremos fin a la hora zanahoria porque es necesario que con seguridad, Quito sea una ciudad viva, que funcione las 24 horas y los 7 d√≠as a la semana.

#ConPabelQuitoRenace
#QuitoDebate2023 https://t.co/dVcYh1cbM4","El deporte ser√° fundamental para ocupar el tiempo libre de nuestros j√≥venes. Adem√°s, pondremos fin a la hora zanahoria porque es necesario que con seguridad, Quito sea una ciudad viva, que funcione las 24 horas y los 7 d√≠as a la semana.

#ConPabelQuitoRenace
#QuitoDebate2023 https://t.co/dVcYh1cbM4",FALSE,,"<a href=""http://twitter.com/download/iphone"" rel=""nofollow"">Twitter for iPhone</a>",NA,NA,NA,NA,NA,,,,NA,FALSE,46,83,FALSE,NA,FALSE,NA,es,FALSE,NA,275,NA,,NA,NA,,NA,NA,NA,NA,NA,NA,NA,NA,NA,NA
2023-01-16T01:19:03Z,1614794325472297e3,1614794325472296961,Debemos terminar los tr√°mites impertinentes. ¬øSe imaginan que podamos hacer un tr√°mite de la misma forma que pedimos una hamburguesa en una aplicaci√≥n de celular? Lo mismo deber√≠a pasar con la mayor cantidad de tr√°mites en el municipio. #ConPabelQuitoRenace #QuitoDebate2023 https://t.co/OaPtJQkkCx,Debemos terminar los tr√°mites impertinentes. ¬øSe imaginan que podamos hacer un tr√°mite de la misma forma que pedimos una hamburguesa en una aplicaci√≥n de celular? Lo mismo deber√≠a pasar con la mayor cantidad de tr√°mites en el municipio. #ConPabelQuitoRenace #QuitoDebate2023 https://t.co/OaPtJQkkCx,FALSE,,"<a href=""http://twitter.com/download/iphone"" rel=""nofollow"">Twitter for iPhone</a>",NA,NA,NA,NA,NA,,,,NA,FALSE,55,113,FALSE,NA,FALSE,NA,es,FALSE,NA,274,NA,,NA,NA,,NA,NA,NA,NA,NA,NA,NA,NA,NA,NA
2023-01-16T01:14:12Z,1614793104179228700,1614793104179228677,"Mi compromiso con las y los quite√±os es construir una ciudad verde y ecol√≥gica. Seremos los nuevos guardianes del reciclaje, cuidaremos nuestros recursos naturales y recuperaremos las quebradas para el disfrute de todos y todas.

#ConPabelQuitoRenace
#QuitoDebate2023 https://t.co/kiaQ7RTi1k","Mi compromiso con las y los quite√±os es construir una ciudad verde y ecol√≥gica. Seremos los nuevos guardianes del reciclaje, cuidaremos nuestros recursos naturales y recuperaremos las quebradas para el disfrute de todos y todas.

#ConPabelQuitoRenace
#QuitoDebate2023 https://t.co/kiaQ7RTi1k",FALSE,,"<a href=""http://twitter.com/download/iphone"" rel=""nofollow"">Twitter for iPhone</a>",NA,NA,NA,NA,NA,,,,NA,FALSE,127,243,FALSE,NA,FALSE,NA,es,FALSE,NA,267,NA,,NA,NA,,NA,NA,NA,NA,NA,NA,NA,NA,NA,NA
2023-01-16T01:13:46Z,161479299646933e4,1614792996469329927,"Legny, quien me acompa√±a en este debate, trabaja en la recolecci√≥n diferenciada de desechos y convierte la basura en compost. Hacia all√° vamos: a una ciudad ecol√≥gica y sustentable, que recicle y se comprometa con el medio ambiente. #ConPabelQuitoRenace #QuitoDebate2023 https://t.co/ejaO3A6VZ4","Legny, quien me acompa√±a en este debate, trabaja en la recolecci√≥n diferenciada de desechos y convierte la basura en compost. Hacia all√° vamos: a una ciudad ecol√≥gica y sustentable, que recicle y se comprometa con el medio ambiente. #ConPabelQuitoRenace #QuitoDebate2023 https://t.co/ejaO3A6VZ4",FALSE,,"<a href=""http://twitter.com/download/iphone"" rel=""nofollow"">Twitter for iPhone</a>",NA,NA,NA,NA,NA,,,,NA,FALSE,43,70,FALSE,NA,FALSE,NA,es,FALSE,NA,270,NA,,NA,NA,,NA,NA,NA,NA,NA,NA,NA,NA,NA,NA
2023-01-16T01:11:19Z,1614792382045634600,1614792382045634562,"En nuestros recorridos los vecinos y vecinas hablan de la necesidad de que en Quito se fomente el arte, por eso inundaremos la ciudad de oferta cultural. Estamos convencidos que esta es el motor de toda transformaci√≥n social.

#ConPabelQuitoRenace
#QuitoDebate2023 https://t.co/0YZxGxpJfO","En nuestros recorridos los vecinos y vecinas hablan de la necesidad de que en Quito se fomente el arte, por eso inundaremos la ciudad de oferta cultural. Estamos convencidos que esta es el motor de toda transformaci√≥n social.

#ConPabelQuitoRenace
#QuitoDebate2023 https://t.co/0YZxGxpJfO",FALSE,,"<a href=""http://twitter.com/download/iphone"" rel=""nofollow"">Twitter for iPhone</a>",NA,NA,NA,NA,NA,,,,NA,FALSE,39,61,FALSE,NA,FALSE,NA,es,FALSE,NA,264,NA,,NA,NA,,NA,NA,NA,NA,NA,NA,NA,NA,NA,NA
2023-01-16T01:07:50Z,1614791504647671800,1614791504647671809,"Los quite√±os con oportunidades y trabajo, haremos que la ciudad se convierta en la locomotora de la econom√≠a nacional y la capital de las inversiones junto al sector privado. Impulsaremos el turismo no solo el patrimonial sino el de aventura.
#ConPabelQuitoRenace
#QuitoDebate2023 https://t.co/HU7p8X3wTW","Los quite√±os con oportunidades y trabajo, haremos que la ciudad se convierta en la locomotora de la econom√≠a nacional y la capital de las inversiones junto al sector privado. Impulsaremos el turismo no solo el patrimonial sino el de aventura.
#ConPabelQuitoRenace
#QuitoDebate2023 https://t.co/HU7p8X3wTW",FALSE,,"<a href=""http://twitter.com/download/iphone"" rel=""nofollow"">Twitter for iPhone</a>",NA,NA,NA,NA,NA,,,,NA,FALSE,364,895,FALSE,NA,FALSE,NA,es,FALSE,NA,280,NA,,NA,NA,,NA,NA,NA,NA,NA,NA,NA,NA,NA,NA
2023-01-16T01:05:09Z,1614790830446755800,1614790830446755841,"El Municipio ser√° una instituci√≥n facilitadora para los nuevos emprendedores, al servicio de las y los quite√±os; adem√°s entregaremos capital semilla, especialmente para j√≥venes y mujeres.

#ConPabelQuitoRenace
#QuitoDebate2023 https://t.co/BcVLCnuPuc","El Municipio ser√° una instituci√≥n facilitadora para los nuevos emprendedores, al servicio de las y los quite√±os; adem√°s entregaremos capital semilla, especialmente para j√≥venes y mujeres.

#ConPabelQuitoRenace
#QuitoDebate2023 https://t.co/BcVLCnuPuc",FALSE,,"<a href=""http://twitter.com/download/iphone"" rel=""nofollow"">Twitter for iPhone</a>",NA,NA,NA,NA,NA,,,,NA,FALSE,70,139,FALSE,NA,FALSE,NA,es,FALSE,NA,226,NA,,NA,NA,,NA,NA,NA,NA,NA,NA,NA,NA,NA,NA
2023-01-16T01:01:46Z,1614789977522462700,1614789977522462720,"Tenemos una propuesta seria para garantizar el derecho al trabajo. Vamos a dotar de espacios dignos a las y los comerciantes aut√≥nomos para que desarrollen sus actividades econ√≥micas en una ciudad ordenada.

#ConPabelQuitoRenace
#QuitoDebate2023 https://t.co/UPOn4DsZqU","Tenemos una propuesta seria para garantizar el derecho al trabajo. Vamos a dotar de espacios dignos a las y los comerciantes aut√≥nomos para que desarrollen sus actividades econ√≥micas en una ciudad ordenada.

#ConPabelQuitoRenace
#QuitoDebate2023 https://t.co/UPOn4DsZqU",FALSE,,"<a href=""http://twitter.com/download/iphone"" rel=""nofollow"">Twitter for iPhone</a>",NA,NA,NA,NA,NA,,,,NA,FALSE,105,226,FALSE,NA,FALSE,NA,es,FALSE,NA,245,NA,,NA,NA,,NA,NA,NA,NA,NA,NA,NA,NA,NA,NA
2023-01-16T00:55:17Z,1614788344608612400,1614788344608612352,"Nuestra prioridad ser√°n los peatones, velaremos por su seguridad y promoveremos el uso de medios de transporte alternativos: BiciQ, scooters, entre otros.

#ConPabelQuitoRenace
#QuitoDebate2023 https://t.co/yu4wixaz8X","Nuestra prioridad ser√°n los peatones, velaremos por su seguridad y promoveremos el uso de medios de transporte alternativos: BiciQ, scooters, entre otros.

#ConPabelQuitoRenace
#QuitoDebate2023 https://t.co/yu4wixaz8X",FALSE,,"<a href=""http://twitter.com/download/iphone"" rel=""nofollow"">Twitter for iPhone</a>",NA,NA,NA,NA,NA,,,,NA,FALSE,57,98,FALSE,NA,FALSE,NA,es,FALSE,NA,193,NA,,NA,NA,,NA,NA,NA,NA,NA,NA,NA,NA,NA,NA
2023-01-16T00:52:09Z,1614787558537588700,1614787558537588738,"Pondremos a funcionar el metro e inmediatamente iniciaremos la ampliaci√≥n de este sistema hacia Calder√≥n y Guaman√≠; y adem√°s consolidaremos el sistema integral de transporte p√∫blico para las quite√±as y quite√±os.

#ConPabelQuitoRenace
#QuitoDebate2023 https://t.co/hDrr5cH7p5","Pondremos a funcionar el metro e inmediatamente iniciaremos la ampliaci√≥n de este sistema hacia Calder√≥n y Guaman√≠; y adem√°s consolidaremos el sistema integral de transporte p√∫blico para las quite√±as y quite√±os.

#ConPabelQuitoRenace
#QuitoDebate2023 https://t.co/hDrr5cH7p5",FALSE,,"<a href=""http://twitter.com/download/iphone"" rel=""nofollow"">Twitter for iPhone</a>",NA,NA,NA,NA,NA,,,,NA,FALSE,123,237,FALSE,NA,FALSE,NA,es,FALSE,NA,250,NA,,NA,NA,,NA,NA,NA,NA,NA,NA,NA,NA,NA,NA
2023-01-16T00:49:49Z,1614786970567299e3,1614786970567299075,"Debemos asociar movilidad a calidad de vida, econom√≠a y productividad. En Quito estamos encerrados hasta 3 horas al d√≠a en bus o auto privado. Vamos hacia un transporte p√∫blico seguro y que brinde calidad y calidez a las quite√±os y quite√±as.

#ConPabelQuitoRenace
#QuitoDebate2023 https://t.co/NHhW6ZTjdg","Debemos asociar movilidad a calidad de vida, econom√≠a y productividad. En Quito estamos encerrados hasta 3 horas al d√≠a en bus o auto privado. Vamos hacia un transporte p√∫blico seguro y que brinde calidad y calidez a las quite√±os y quite√±as.

#ConPabelQuitoRenace
#QuitoDebate2023 https://t.co/NHhW6ZTjdg",FALSE,,"<a href=""http://twitter.com/download/iphone"" rel=""nofollow"">Twitter for iPhone</a>",NA,NA,NA,NA,NA,,,,NA,FALSE,76,142,FALSE,NA,FALSE,NA,es,FALSE,NA,280,NA,,NA,NA,,NA,NA,NA,NA,NA,NA,NA,NA,NA,NA
2023-01-16T00:49:24Z,1614786863868280800,1614786863868280833,"No solo pondremos a funcionar un metro que ha sido inaugurado sin metro. Empezaremos, de inmediato, la ampliaci√≥n hacia el sur y hacia el norte. Para que el Metro sea la columna vertebral de un nuevo sistema integrado de transporte. #ConPabelQuitoRenace #QuitoDebate2023 https://t.co/64SEtAOJeS","No solo pondremos a funcionar un metro que ha sido inaugurado sin metro. Empezaremos, de inmediato, la ampliaci√≥n hacia el sur y hacia el norte. Para que el Metro sea la columna vertebral de un nuevo sistema integrado de transporte. #ConPabelQuitoRenace #QuitoDebate2023 https://t.co/64SEtAOJeS",FALSE,,"<a href=""http://twitter.com/download/iphone"" rel=""nofollow"">Twitter for iPhone</a>",NA,NA,NA,NA,NA,,,,NA,FALSE,197,399,FALSE,NA,FALSE,NA,es,FALSE,NA,270,NA,,NA,NA,,NA,NA,NA,NA,NA,NA,NA,NA,NA,NA
2023-01-16T00:40:39Z,1614784662022267e3,1614784662022266882,"Desde el Patronato vamos a atender las adicciones. Vamos a dirigir esfuerzos para atender la salud mental de las y los quite√±os. #QuitoDebate2023
#ConPabelQuitoRenace https://t.co/ULXRuretdU","Desde el Patronato vamos a atender las adicciones. Vamos a dirigir esfuerzos para atender la salud mental de las y los quite√±os. #QuitoDebate2023
#ConPabelQuitoRenace https://t.co/ULXRuretdU",FALSE,,"<a href=""http://twitter.com/download/iphone"" rel=""nofollow"">Twitter for iPhone</a>",NA,NA,NA,NA,NA,,,,NA,FALSE,57,133,FALSE,NA,FALSE,NA,es,FALSE,NA,166,NA,,NA,NA,,NA,NA,NA,NA,NA,NA,NA,NA,NA,NA
2023-01-16T00:38:25Z,1614784101638148e3,1614784101638148097,"M√°s c√°maras y alarmas de seguridad, a la vez que promoveremos la organizaci√≥n vecinal y avanzaremos hacia una legalizaci√≥n masivamente de barrios para que todas las familias quite√±as cuenten con escrituras y servicios b√°sicos.

#ConPabelQuitoRenace
#QuitoDebate2023 https://t.co/ByiCUlpFHT","M√°s c√°maras y alarmas de seguridad, a la vez que promoveremos la organizaci√≥n vecinal y avanzaremos hacia una legalizaci√≥n masivamente de barrios para que todas las familias quite√±as cuenten con escrituras y servicios b√°sicos.

#ConPabelQuitoRenace
#QuitoDebate2023 https://t.co/ByiCUlpFHT",FALSE,,"<a href=""http://twitter.com/download/iphone"" rel=""nofollow"">Twitter for iPhone</a>",NA,NA,NA,NA,NA,,,,NA,FALSE,84,160,FALSE,NA,FALSE,NA,es,FALSE,NA,265,NA,,NA,NA,,NA,NA,NA,NA,NA,NA,NA,NA,NA,NA
2023-01-16T00:35:55Z,1614783469766283300,1614783469766283264,"Tendremos barrios bien iluminados que sean ocupados por a√±os ni√±os y no por la delincuencia. Vamos a dotar a la polic√≠a de capacidad operativa y destinaremos el presupuesto necesario para cuidar la vida de las y los quite√±os. 

#ConPabelQuitoRenace
#QuitoDebate2023 https://t.co/WaVyl0CNgc","Tendremos barrios bien iluminados que sean ocupados por a√±os ni√±os y no por la delincuencia. Vamos a dotar a la polic√≠a de capacidad operativa y destinaremos el presupuesto necesario para cuidar la vida de las y los quite√±os. 

#ConPabelQuitoRenace
#QuitoDebate2023 https://t.co/WaVyl0CNgc",FALSE,,"<a href=""http://twitter.com/download/iphone"" rel=""nofollow"">Twitter for iPhone</a>",NA,NA,NA,NA,NA,,,,NA,FALSE,205,402,FALSE,NA,FALSE,NA,es,FALSE,NA,265,NA,,NA,NA,,NA,NA,NA,NA,NA,NA,NA,NA,NA,NA
2023-01-16T00:33:36Z,1614782890469982200,1614782890469982212,"Devolveremos la paz y la seguridad a las y los quite√±os. Basta de sufrir porque nuestros hijos tarden en llegar a casa o temer que nos maten por robarnos un celular.

Trabajaremos por un Quito seguro para todos y todas.

#ConPabelQuitoRenace
#QuitoDebate2023 https://t.co/RW5MPpraxf","Devolveremos la paz y la seguridad a las y los quite√±os. Basta de sufrir porque nuestros hijos tarden en llegar a casa o temer que nos maten por robarnos un celular.

Trabajaremos por un Quito seguro para todos y todas.

#ConPabelQuitoRenace
#QuitoDebate2023 https://t.co/RW5MPpraxf",FALSE,,"<a href=""http://twitter.com/download/iphone"" rel=""nofollow"">Twitter for iPhone</a>",NA,NA,NA,NA,NA,,,,NA,FALSE,158,337,FALSE,NA,FALSE,NA,es,FALSE,NA,258,NA,,NA,NA,,NA,NA,NA,NA,NA,NA,NA,NA,NA,NA
2023-01-16T00:26:32Z,1614781110038429700,1614781110038429697,"Mi prioridad son las y los quite√±os, con ellos hemos construido las soluciones que necesitamos para devolver la esperanza, las oportunidades y la prosperidad a nuestra ciudad. 

#ConPabelQuitoRenace #QuitoDebate2023 https://t.co/HsSA5P7uYC","Mi prioridad son las y los quite√±os, con ellos hemos construido las soluciones que necesitamos para devolver la esperanza, las oportunidades y la prosperidad a nuestra ciudad. 

#ConPabelQuitoRenace #QuitoDebate2023 https://t.co/HsSA5P7uYC",FALSE,,"<a href=""http://twitter.com/download/iphone"" rel=""nofollow"">Twitter for iPhone</a>",NA,NA,NA,NA,NA,,,,NA,FALSE,293,836,FALSE,NA,FALSE,NA,es,FALSE,NA,215,NA,,NA,NA,,NA,NA,NA,NA,NA,NA,NA,NA,NA,NA
2023-01-15T23:59:47Z,1614774379526905900,1614774379526905856,"Gracias vecinas y vecinos por la confianza, el cari√±o y su apoyo incondicional.‚ù§Ô∏èüíô

Listo para llevar sus propuestas a #QuitoDebate2023 para que nuestra ciudad renazca üôãüèª‚Äç‚ôÇÔ∏è https://t.co/ImMKSrsVDS","Gracias vecinas y vecinos por la confianza, el cari√±o y su apoyo incondicional.‚ù§Ô∏èüíô

Listo para llevar sus propuestas a #QuitoDebate2023 para que nuestra ciudad renazca üôãüèª‚Äç‚ôÇÔ∏è https://t.co/ImMKSrsVDS",FALSE,,"<a href=""http://twitter.com/download/iphone"" rel=""nofollow"">Twitter for iPhone</a>",NA,NA,NA,NA,NA,,,,NA,FALSE,112,392,FALSE,NA,FALSE,NA,es,FALSE,NA,173,NA,,NA,NA,,NA,NA,NA,NA,NA,NA,NA,NA,NA,NA
2023-01-15T15:33:17Z,1614646912262488e3,1614646912262488066,@PameViteri Tanta verdad en este tuit!!!! ü§ó,@PameViteri Tanta verdad en este tuit!!!! ü§ó,FALSE,,"<a href=""https://mobile.twitter.com"" rel=""nofollow"">Twitter Web App</a>",1614405861585158100,1614405861585158146,865404086,865404086,PameViteri,,,,NA,FALSE,5,29,FALSE,NA,FALSE,NA,es,NA,NA,43,NA,,NA,NA,,NA,NA,NA,NA,NA,NA,NA,NA,NA,NA
2023-01-15T14:29:01Z,1614630739449872400,1614630739449872384,"Estamos listos para el #QuitoDebate2023 de esta noche. C√≥mo no estarlo si me he preparado con las y los quite√±os que en cada visita me ense√±an la realidad de sus barrios y sus familias. Gracias Mar√≠a Tib√°n por tu cari√±o y apoyo.üíô‚ù§Ô∏èüíô 

Con la fuerza de los quite√±os, #QuitoRenace https://t.co/KTMDjSTXNr","Estamos listos para el #QuitoDebate2023 de esta noche. C√≥mo no estarlo si me he preparado con las y los quite√±os que en cada visita me ense√±an la realidad de sus barrios y sus familias. Gracias Mar√≠a Tib√°n por tu cari√±o y apoyo.üíô‚ù§Ô∏èüíô 

Con la fuerza de los quite√±os, #QuitoRenace https://t.co/KTMDjSTXNr",FALSE,,"<a href=""http://twitter.com/download/iphone"" rel=""nofollow"">Twitter for iPhone</a>",NA,NA,NA,NA,NA,,,,NA,FALSE,100,197,FALSE,NA,FALSE,NA,es,FALSE,NA,278,NA,,NA,NA,,NA,NA,NA,NA,NA,NA,NA,NA,NA,NA
2023-01-15T03:31:20Z,1614465227340525600,1614465227340525575,"Mi solidaridad con los vecinos de Guayllabamba afectados por la fuerte lluvia de esta tarde y que produjo deslizamientos en un colector.
Instamos a los organismos de socorro que redoblen esfuerzos en sus tareas de rescate y apoyo, por el bien de la comunidad. https://t.co/rZKNYkRxmL","Mi solidaridad con los vecinos de Guayllabamba afectados por la fuerte lluvia de esta tarde y que produjo deslizamientos en un colector.
Instamos a los organismos de socorro que redoblen esfuerzos en sus tareas de rescate y apoyo, por el bien de la comunidad. https://t.co/rZKNYkRxmL",FALSE,,"<a href=""http://twitter.com/download/iphone"" rel=""nofollow"">Twitter for iPhone</a>",NA,NA,NA,NA,NA,,,,NA,TRUE,74,163,FALSE,NA,FALSE,NA,es,FALSE,NA,259,NA,,1614417823312363500,1614417823312363520,,NA,NA,NA,NA,NA,NA,NA,NA,NA,NA
2023-01-14T03:26:43Z,1614101680462725e3,1614101680462725121,@la_amorex Bien finde de trabajo pero ‚Ä¶ üßê,@la_amorex Bien finde de trabajo pero ‚Ä¶ üßê,FALSE,,"<a href=""http://twitter.com/download/iphone"" rel=""nofollow"">Twitter for iPhone</a>",1613885088495698e3,1613885088495697921,2293423782,2293423782,la_amorex,,,,NA,FALSE,1,3,FALSE,NA,FALSE,NA,es,NA,NA,41,NA,,NA,NA,,NA,NA,NA,NA,NA,NA,NA,NA,NA,NA
2023-01-11T01:51:51Z,1612990642506043400,1612990642506043392,@quitoen360 Sal y aj√≠. Nada m√°s.,@quitoen360 Sal y aj√≠. Nada m√°s.,FALSE,,"<a href=""http://twitter.com/download/iphone"" rel=""nofollow"">Twitter for iPhone</a>",1612502067666423800,1612502067666423830,1236014198779523e3,1236014198779523072,quitoen360,,,,NA,FALSE,8,47,FALSE,NA,FALSE,NA,es,NA,NA,32,NA,,NA,NA,,NA,NA,NA,NA,NA,NA,NA,NA,NA,NA
2023-01-10T23:29:48Z,1612954893366476800,1612954893366476801,"Muchas gracias por la entrevista estimada @cubalondra, la disfrut√© mucho.
Invito a verla, comentarla y compartirla por nuestras redes o el canal de @IngobernablesEC 
Un abrazo https://t.co/ZwCJPi7UMa","Muchas gracias por la entrevista estimada @cubalondra, la disfrut√© mucho.
Invito a verla, comentarla y compartirla por nuestras redes o el canal de @IngobernablesEC 
Un abrazo https://t.co/ZwCJPi7UMa",FALSE,,"<a href=""http://twitter.com/download/iphone"" rel=""nofollow"">Twitter for iPhone</a>",NA,NA,NA,NA,NA,,,,NA,TRUE,115,337,FALSE,NA,FALSE,NA,es,FALSE,NA,175,NA,,1612861224345112600,1612861224345112576,,NA,NA,NA,NA,NA,NA,NA,NA,NA,NA
